#,0.4.24,RedExchange-update-1.sol,0.4.24
#,0.4.24,RedExchange-update-del-payf.sol,0.4.24
#,0.4.24,RedExchange-update-del-rede.sol,0.4.24
#,0.4.24,RedExchange-update-del-rede_payf.sol,0.4.24
#,0.4.24,reentrancy_eth.sol,0.4.24
#,0.4.24,reentrancy-eth-delete-modif.sol,0.4.24
#,0.4.24,reentrancy-eth-delete-withd.sol,0.4.24
#,0.4.24,reentrancy-eth-delete-withd-modif.sol,0.4.24
#,0.4.24,reentrancy_eth_balance.sol,0.4.24
#,0.4.24,reentrancy-eth-transfer-bala-dele-modi.sol,0.4.24
#,0.4.24,reentrancy-eth-transfer-bala-dele-modi-tran.sol,0.4.24
#,0.4.24,reentrancy-eth-transfer-bala-dele-tran.sol,0.4.24
#,0.4.24,Vesting__2.sol,0.4.24
#,0.4.24,Vesting__2_dele_createVestingPeriod.sol,0.4.24
#,0.4.24,Vesting__2_dele_vestedAmount.sol,0.4.24
#,0.4.24,Vesting__2_dele_all.sol,0.4.24
#,0.4.24,arbitrary_send.sol,0.4.24
#,0.4.24,arbitrary-send-dele-init.sol,0.4.24
#,0.4.24,arbitrary-send-dele-send.sol,0.4.24
#,0.4.24,arbitrary-send-dele-all.sol,0.4.24
#,0.4.24,unchecked_lowlevel.sol,0.4.24
#,0.4.24,unchecked_lowlevel_dele_call.sol,0.4.24
#,0.4.24,unchecked_lowlevel_dele_owner.sol,0.4.24
#,0.4.24,unchecked_lowlevel_dele_both.sol,0.4.24
#,0.4.24,reentrancy_eth_0424.sol,0.4.24
#,0.4.24,reentrancy_eth_0424_false.sol,0.4.24
#,0.4.24,arbitrary_send_path.sol,0.4.24
#,0.4.24,arbitrary_send_path_if_false.sol,0.4.24
#,0.4.24,arbitrary_send_path_if_true.sol,0.4.24
#,0.4.24,arbitrary_send_path_if_operate_false.sol,0.4.24
#,0.4.24,arbitrary_send_path_if_operate_true.sol,0.4.24
#,0.4.24,arbitrary_send_path_assert_false.sol,0.4.24
#,0.4.24,arbitrary_send_path_assert_true.sol,0.4.24
#,0.4.24,arbitrary_send_path_assert_operate_false.sol,0.4.24
#,0.4.24,arbitrary_send_path_assert_operate_true.sol,0.4.24
#,0.4.24,integer_overflow.sol,0.4.24
#,0.4.24,block_other_parameters.sol,0.4.24
#,0.4.24,block_other_parameters_assert_false.sol,0.4.24
#,0.4.24,low_level_calls.sol,0.4.24
#,0.4.24,low_level_calls_assert_false.sol,0.4.24
#,0.4.24,send_transfer_original.sol,0.4.24
#,0.4.24,send_transfer_if_false.sol,0.4.24
